Mã Hóa Đơn,Mã Học Viên,Họ Tên Học Viên,Mã Lớp,Tên Lớp Học,Học Phí Phải Trả (VNĐ),Đã Thanh Toán (VNĐ),Còn Nợ (VNĐ),Tỷ Lệ Đã Thanh Toán (%),Trạng Thái Hóa Đơn,Ngày Lập
HD-452377-412,HV055,"Lê Hồng Phong",IELTS-B1-02,"IELTS B1 Cuối Tuần (Thứ 7 - CN)",3500000,0,3500000,0,"Chưa Thanh Toán",
HD-IELTS-B1-02-003,HV020,"Lê Hồng Hào",IELTS-B1-02,"IELTS B1 Cuối Tuần (Thứ 7 - CN)",3500000,0,3500000,0,"Chưa Thanh Toán",
HD-IELTS-B1-02-002,HV010,"Lê Trung Cháo",IELTS-B1-02,"IELTS B1 Cuối Tuần (Thứ 7 - CN)",3500000,0,3500000,0,"Chưa Thanh Toán",
HD-IELTS-B1-02-001,HV004,"Lê Hồng Phong",IELTS-B1-02,"IELTS B1 Cuối Tuần (Thứ 7 - CN)",3500000,0,3500000,0,"Chưa Thanh Toán",
HD-IELTS-B2-004,HV054,"Lê Diễm Quỳnh",IELTS-B2-01,"IELTS Master 6.5+ Chuyên Sâu Tối T2-4-6",4800000,4800000,0,100,"Đã Thanh Toán Đủ",
HD-IELTS-B2-003,HV053,"Trần Anh Khoa",IELTS-B2-01,"IELTS Master 6.5+ Chuyên Sâu Tối T2-4-6",4800000,4800000,0,100,"Đã Thanh Toán Đủ",
HD-IELTS-B2-002,HV052,"Nguyễn Thùy Trang",IELTS-B2-01,"IELTS Master 6.5+ Chuyên Sâu Tối T2-4-6",4800000,4800000,0,100,"Đã Thanh Toán Đủ",
HD-IELTS-B2-001,HV051,"Lưu Thế Hùng",IELTS-B2-01,"IELTS Master 6.5+ Chuyên Sâu Tối T2-4-6",4800000,4800000,0,100,"Đã Thanh Toán Đủ",
HD-ENG-A1-005,HV050,"Nghiêm Bảo Trâm",ENG-A1-01,"Tiếng Anh Căn Bản Cho Người Mới Bắt Đầu",2200000,2200000,0,100,"Đã Thanh Toán Đủ",
HD-ENG-A1-004,HV049,"Quách Ánh Tuyết",ENG-A1-01,"Tiếng Anh Căn Bản Cho Người Mới Bắt Đầu",2200000,2200000,0,100,"Đã Thanh Toán Đủ",
HD-ENG-A1-003,HV048,"Tạ Thanh Tùng",ENG-A1-01,"Tiếng Anh Căn Bản Cho Người Mới Bắt Đầu",2200000,2200000,0,100,"Đã Thanh Toán Đủ",
HD-ENG-A1-002,HV047,"Đoàn Hữu Phước",ENG-A1-01,"Tiếng Anh Căn Bản Cho Người Mới Bắt Đầu",2200000,2200000,0,100,"Đã Thanh Toán Đủ",
HD-ENG-A1-001,HV046,"Võ Thu Hằng",ENG-A1-01,"Tiếng Anh Căn Bản Cho Người Mới Bắt Đầu",2200000,2200000,0,100,"Đã Thanh Toán Đủ",
HD-COMM-B1-008,HV045,"Lâm Tấn Phát",COMM-B1-01,"Giao Tiếp Doanh Nghiệp Tối T2-4-6",3200000,3200000,0,100,"Đã Thanh Toán Đủ",
HD-COMM-B1-007,HV044,"Phan Yến Nhi",COMM-B1-01,"Giao Tiếp Doanh Nghiệp Tối T2-4-6",3200000,3200000,0,100,"Đã Thanh Toán Đủ",
HD-COMM-B1-006,HV043,"Trịnh Minh Khang",COMM-B1-01,"Giao Tiếp Doanh Nghiệp Tối T2-4-6",3200000,3200000,0,100,"Đã Thanh Toán Đủ",
HD-COMM-B1-005,HV042,"Mai Phương Thảo",COMM-B1-01,"Giao Tiếp Doanh Nghiệp Tối T2-4-6",3200000,3200000,0,100,"Đã Thanh Toán Đủ",
HD-COMM-B1-004,HV041,"Lý Gia Huy",COMM-B1-01,"Giao Tiếp Doanh Nghiệp Tối T2-4-6",3200000,3200000,0,100,"Đã Thanh Toán Đủ",
HD-COMM-B1-003,HV040,"Dương Văn Thành",COMM-B1-01,"Giao Tiếp Doanh Nghiệp Tối T2-4-6",3200000,3200000,0,100,"Đã Thanh Toán Đủ",
HD-COMM-B1-002,HV039,"Ngô Thảo Vy",COMM-B1-01,"Giao Tiếp Doanh Nghiệp Tối T2-4-6",3200000,3200000,0,100,"Đã Thanh Toán Đủ",
HD-COMM-B1-001,HV038,"Bùi Hải Nam",COMM-B1-01,"Giao Tiếp Doanh Nghiệp Tối T2-4-6",3200000,3200000,0,100,"Đã Thanh Toán Đủ",
HD-TOEIC-A2-012,HV037,"Đỗ Ngọc Diệp",TOEIC-A2-01,"TOEIC Starter Thứ 3-5-7",2800000,2800000,0,100,"Đã Thanh Toán Đủ",
HD-TOEIC-A2-011,HV036,"Vũ Tuấn Anh",TOEIC-A2-01,"TOEIC Starter Thứ 3-5-7",2800000,2800000,0,100,"Đã Thanh Toán Đủ",
HD-TOEIC-A2-010,HV035,"Hoàng Diệu Linh",TOEIC-A2-01,"TOEIC Starter Thứ 3-5-7",2800000,2800000,0,100,"Đã Thanh Toán Đủ",
HD-TOEIC-A2-009,HV034,"Phạm Minh Đức",TOEIC-A2-01,"TOEIC Starter Thứ 3-5-7",2800000,2800000,0,100,"Đã Thanh Toán Đủ",
HD-TOEIC-A2-008,HV033,"Lê Khánh An",TOEIC-A2-01,"TOEIC Starter Thứ 3-5-7",2800000,2800000,0,100,"Đã Thanh Toán Đủ",
HD-TOEIC-A2-007,HV032,"Trần Cẩm Tú",TOEIC-A2-01,"TOEIC Starter Thứ 3-5-7",2800000,2800000,0,100,"Đã Thanh Toán Đủ",
HD-TOEIC-A2-006,HV031,"Nguyễn Gia Bảo",TOEIC-A2-01,"TOEIC Starter Thứ 3-5-7",2800000,2800000,0,100,"Đã Thanh Toán Đủ",
HD-TOEIC-A2-005,HV030,"Lưu Quang Vinh",TOEIC-A2-01,"TOEIC Starter Thứ 3-5-7",2800000,2800000,0,100,"Đã Thanh Toán Đủ",
HD-TOEIC-A2-004,HV029,"Nghiêm Thu Trang",TOEIC-A2-01,"TOEIC Starter Thứ 3-5-7",2800000,2800000,0,100,"Đã Thanh Toán Đủ",
HD-TOEIC-A2-003,HV028,"Quách Thái Sơn",TOEIC-A2-01,"TOEIC Starter Thứ 3-5-7",2800000,2800000,0,100,"Đã Thanh Toán Đủ",
HD-TOEIC-A2-002,HV027,"Tạ Hoàng Phúc",TOEIC-A2-01,"TOEIC Starter Thứ 3-5-7",2800000,2800000,0,100,"Đã Thanh Toán Đủ",
HD-TOEIC-A2-001,HV026,"Đoàn Kim Oanh",TOEIC-A2-01,"TOEIC Starter Thứ 3-5-7",2800000,2800000,0,100,"Đã Thanh Toán Đủ",
HD-IELTS-B1-025,HV025,"Võ Minh Nhật",IELTS-B1-01,"IELTS B1 Buổi tối (Thứ 2-4-6)",3500000,3500000,0,100,"Đã Thanh Toán Đủ",
HD-IELTS-B1-024,HV024,"Lâm Bích Loan",IELTS-B1-01,"IELTS B1 Buổi tối (Thứ 2-4-6)",3500000,3500000,0,100,"Đã Thanh Toán Đủ",
HD-IELTS-B1-023,HV023,"Phan Tuấn Kiệt",IELTS-B1-01,"IELTS B1 Buổi tối (Thứ 2-4-6)",3500000,3500000,0,100,"Đã Thanh Toán Đủ",
HD-IELTS-B1-022,HV022,"Trịnh Khánh Huyền",IELTS-B1-01,"IELTS B1 Buổi tối (Thứ 2-4-6)",3500000,3500000,0,100,"Đã Thanh Toán Đủ",
HD-IELTS-B1-021,HV021,"Mai Tiến Đạt",IELTS-B1-01,"IELTS B1 Buổi tối (Thứ 2-4-6)",3500000,3500000,0,100,"Đã Thanh Toán Đủ",
HD-IELTS-B1-020,HV020,"Lê Hồng Hào",IELTS-B1-01,"IELTS B1 Buổi tối (Thứ 2-4-6)",3500000,3500000,0,100,"Đã Thanh Toán Đủ",
HD-IELTS-B1-019,HV019,"Dương Quốc Huy",IELTS-B1-01,"IELTS B1 Buổi tối (Thứ 2-4-6)",3500000,3500000,0,100,"Đã Thanh Toán Đủ",
HD-IELTS-B1-018,HV018,"Ngô Thanh Hằng",IELTS-B1-01,"IELTS B1 Buổi tối (Thứ 2-4-6)",3500000,3500000,0,100,"Đã Thanh Toán Đủ",
HD-IELTS-B1-017,HV017,"Vũ Đức Hải",IELTS-B1-01,"IELTS B1 Buổi tối (Thứ 2-4-6)",3500000,3500000,0,100,"Đã Thanh Toán Đủ",
HD-IELTS-B1-016,HV016,"Đinh Thị Giang",IELTS-B1-01,"IELTS B1 Buổi tối (Thứ 2-4-6)",3500000,3500000,0,100,"Đã Thanh Toán Đủ",
HD-IELTS-B1-015,HV015,"Hoàng Anh Dũng",IELTS-B1-01,"IELTS B1 Buổi tối (Thứ 2-4-6)",3500000,3500000,0,100,"Đã Thanh Toán Đủ",
HD-IELTS-B1-014,HV014,"Phạm Thu Dung",IELTS-B1-01,"IELTS B1 Buổi tối (Thứ 2-4-6)",3500000,3500000,0,100,"Đã Thanh Toán Đủ",
HD-IELTS-B1-013,HV013,"Lê Minh Cảnh",IELTS-B1-01,"IELTS B1 Buổi tối (Thứ 2-4-6)",3500000,3500000,0,100,"Đã Thanh Toán Đủ",
HD-IELTS-B1-012,HV012,"Trần Thị Bích",IELTS-B1-01,"IELTS B1 Buổi tối (Thứ 2-4-6)",3500000,3500000,0,100,"Đã Thanh Toán Đủ",
HD-IELTS-B1-011,HV011,"Nguyễn Văn An",IELTS-B1-01,"IELTS B1 Buổi tối (Thứ 2-4-6)",3500000,3500000,0,100,"Đã Thanh Toán Đủ",
HD-IELTS-B1-010,HV010,"Lê Trung Cháo",IELTS-B1-01,"IELTS B1 Buổi tối (Thứ 2-4-6)",3500000,3500000,0,100,"Đã Thanh Toán Đủ",
HD-IELTS-B1-009,HV009,"Phạm Quốc Cường",IELTS-B1-01,"IELTS B1 Buổi tối (Thứ 2-4-6)",3500000,3500000,0,100,"Đã Thanh Toán Đủ",
HD-IELTS-B1-008,HV008,"Hoàng Mai Linh",IELTS-B1-01,"IELTS B1 Buổi tối (Thứ 2-4-6)",3500000,3500000,0,100,"Đã Thanh Toán Đủ",
HD-IELTS-B1-007,HV007,"Bùi Đức Thắng",IELTS-B1-01,"IELTS B1 Buổi tối (Thứ 2-4-6)",3500000,3500000,0,100,"Đã Thanh Toán Đủ",
HD-IELTS-B1-006,HV006,"Trịnh Đình Quang",IELTS-B1-01,"IELTS B1 Buổi tối (Thứ 2-4-6)",3500000,3500000,0,100,"Đã Thanh Toán Đủ",
HD-IELTS-B1-005,HV005,"Vũ Bảo Ngọc",IELTS-B1-01,"IELTS B1 Buổi tối (Thứ 2-4-6)",3500000,3500000,0,100,"Đã Thanh Toán Đủ",
HD-IELTS-B1-004,HV004,"Lê Hồng Phong",IELTS-B1-01,"IELTS B1 Buổi tối (Thứ 2-4-6)",3500000,3500000,0,100,"Đã Thanh Toán Đủ",
HD-IELTS-B1-003,HV003,"Nguyễn Hoàng Long",IELTS-B1-01,"IELTS B1 Buổi tối (Thứ 2-4-6)",3500000,3500000,0,100,"Đã Thanh Toán Đủ",
HD-IELTS-B1-002,HV002,"Phạm Văn Hùng",IELTS-B1-01,"IELTS B1 Buổi tối (Thứ 2-4-6)",3500000,3500000,0,100,"Đã Thanh Toán Đủ",
HD-IELTS-B1-001,HV001,"Lê Thị Hoa",IELTS-B1-01,"IELTS B1 Buổi tối (Thứ 2-4-6)",3500000,3500000,0,100,"Đã Thanh Toán Đủ",